,APMC,Commodity,Month1,Month2,Month3
0,Pune-Manjri,ambat chuka,632.3946533203125,632.3946533203125,632.3946533203125
1,Jalgaon,amla,1661.0753173828125,1661.0753173828125,1661.0753173828125
2,Kamthi,amla,1677.785400390625,1677.785400390625,1677.785400390625
3,Pune-Manjri,ambat chuka,600.60498046875,600.60498046875,600.60498046875
4,Jalgaon,amla,1539.3304443359375,1539.3304443359375,1539.3304443359375
5,Kamthi,amla,1616.770751953125,1616.770751953125,1616.770751953125
6,Amarawati,apple,6405.462890625,6405.462890625,6405.462890625
7,Amarawati-Fruit And Vegetables,apple,6920.2783203125,6920.2783203125,6920.2783203125
8,Aurangabad,apple,7001.58251953125,7001.58251953125,7001.58251953125
9,Chandrapur,apple,5454.17626953125,5454.17626953125,5454.17626953125
10,Kalyan,apple,7512.97216796875,7512.97216796875,7512.97216796875
11,Karad,apple,7467.60791015625,7467.60791015625,7467.60791015625
12,Kolhapur,apple,8041.15087890625,8041.15087890625,8041.15087890625
13,Mumbai,apple,5124.42578125,5124.42578125,5124.42578125
14,Nagpur,apple,9543.0390625,9543.0390625,9543.0390625
15,Nashik,apple,10421.1318359375,10421.1318359375,10421.1318359375
16,Sangli-Phale Bhajipalam,apple,8422.3173828125,8422.3173828125,8422.3173828125
17,Mumbai,arvi,1685.884521484375,1685.884521484375,1685.884521484375
18,Pune,arvi,2777.681884765625,2777.681884765625,2777.681884765625
19,Aurangabad,awala,1104.91796875,1104.91796875,1104.91796875
20,Ahmednagar,bajri,1747.0670166015625,1747.0670166015625,1747.0670166015625
21,Ahmedpur,bajri,1342.177978515625,1342.177978515625,1342.177978515625
22,Akluj,bajri,1520.4984130859375,1520.4984130859375,1520.4984130859375
23,Akola,bajri,1535.132080078125,1535.132080078125,1535.132080078125
24,Akole,bajri,1644.81005859375,1644.81005859375,1644.81005859375
25,Amalner,bajri,1651.92626953125,1651.92626953125,1651.92626953125
26,Amarawati,bajri,1773.0660400390625,1773.0660400390625,1773.0660400390625
27,Ambad(Vadi Godri),bajri,1476.2352294921875,1476.2352294921875,1476.2352294921875
28,Ambejogai,bajri,1564.4102783203125,1564.4102783203125,1564.4102783203125
29,Ausa,bajri,1544.1424560546875,1544.1424560546875,1544.1424560546875
30,Baramati,bajri,1733.00390625,1733.00390625,1733.00390625
31,Barshi,bajri,1534.56396484375,1534.56396484375,1534.56396484375
32,Beed,bajri,1565.3441162109375,1565.3441162109375,1565.3441162109375
33,Bhokardan,bajri,1432.40771484375,1432.40771484375,1432.40771484375
34,Bhusaval,bajri,1544.3297119140625,1544.3297119140625,1544.3297119140625
35,Chalisgaon,bajri,1723.171630859375,1723.171630859375,1723.171630859375
36,Chopda,bajri,1631.41796875,1631.41796875,1631.41796875
37,Devala,bajri,1499.1912841796875,1499.1912841796875,1499.1912841796875
38,Dhule,bajri,1641.365966796875,1641.365966796875,1641.365966796875
39,Dondaicha,bajri,1510.265869140625,1510.265869140625,1510.265869140625
40,Dondaicha-Sindkheda,bajri,1648.209228515625,1648.209228515625,1648.209228515625
41,Dound,bajri,1713.4794921875,1713.4794921875,1713.4794921875
42,Dudhani,bajri,1623.451416015625,1623.451416015625,1623.451416015625
43,Gangapur,bajri,1612.69970703125,1612.69970703125,1612.69970703125
44,Gevrai,bajri,1510.6051025390625,1510.6051025390625,1510.6051025390625
45,Ghansawangi,bajri,1525.058349609375,1525.058349609375,1525.058349609375
46,Indapur,bajri,1801.581787109375,1801.581787109375,1801.581787109375
47,Indapur (Nimgaon Ketki),bajri,1743.5068359375,1743.5068359375,1743.5068359375
48,Indapur-Bhigwan,bajri,1540.5499267578125,1540.5499267578125,1540.5499267578125
49,Jalgaon,bajri,1681.8221435546875,1681.8221435546875,1681.8221435546875
50,Jalna,bajri,1541.96337890625,1541.96337890625,1541.96337890625
51,Jalna-Badnapur,bajri,1431.17041015625,1431.17041015625,1431.17041015625
52,Jamkhed,bajri,1696.530517578125,1696.530517578125,1696.530517578125
53,Kada,bajri,1501.884033203125,1501.884033203125,1501.884033203125
54,Kada (Ashti),bajri,1571.3720703125,1571.3720703125,1571.3720703125
55,Kalamb (Os),bajri,1438.481689453125,1438.481689453125,1438.481689453125
56,Kalvan,bajri,1557.9661865234375,1557.9661865234375,1557.9661865234375
57,Kalyan,bajri,1779.98193359375,1779.98193359375,1779.98193359375
58,Kannad,bajri,1529.6585693359375,1529.6585693359375,1529.6585693359375
59,Kej,bajri,1376.608154296875,1376.608154296875,1376.608154296875
60,Khamgaon,bajri,1361.020263671875,1361.020263671875,1361.020263671875
61,Kille Dharur,bajri,1715.8787841796875,1715.8787841796875,1715.8787841796875
62,Kopargaon,bajri,1520.50048828125,1520.50048828125,1520.50048828125
63,Kurdwadi,bajri,1347.7352294921875,1347.7352294921875,1347.7352294921875
64,Lasalgaon,bajri,1603.1865234375,1603.1865234375,1603.1865234375
65,Lasalgaon-Vinchur,bajri,1588.37109375,1588.37109375,1588.37109375
66,Lasur Station,bajri,1528.310546875,1528.310546875,1528.310546875
67,Latur,bajri,1570.489501953125,1570.489501953125,1570.489501953125
68,Lonand,bajri,1691.6749267578125,1691.6749267578125,1691.6749267578125
69,Majalgaon,bajri,1502.28369140625,1502.28369140625,1502.28369140625
70,Malegaon,bajri,1693.7557373046875,1693.7557373046875,1693.7557373046875
71,Malkapur,bajri,1480.027099609375,1480.027099609375,1480.027099609375
72,Mangalwedha,bajri,1664.1396484375,1664.1396484375,1664.1396484375
73,Manmad,bajri,1580.8475341796875,1580.8475341796875,1580.8475341796875
74,Mantha,bajri,1526.9495849609375,1526.9495849609375,1526.9495849609375
75,Murum,bajri,1604.6395263671875,1604.6395263671875,1604.6395263671875
76,Nampur,bajri,1683.874755859375,1683.874755859375,1683.874755859375
77,Nandgaon,bajri,1566.9317626953125,1566.9317626953125,1566.9317626953125
78,Nandura,bajri,1548.0775146484375,1548.0775146484375,1548.0775146484375
79,Nandurbar,bajri,1571.62841796875,1571.62841796875,1571.62841796875
80,Newasa,bajri,1350.892333984375,1350.892333984375,1350.892333984375
81,Nira-Saswad,bajri,1864.413330078125,1864.413330078125,1864.413330078125
82,Pachora,bajri,1527.488037109375,1527.488037109375,1527.488037109375
83,Paithan,bajri,1552.9644775390625,1552.9644775390625,1552.9644775390625
84,Parli-Vaijnath,bajri,1350.531005859375,1350.531005859375,1350.531005859375
85,Parola,bajri,1552.60107421875,1552.60107421875,1552.60107421875
86,Partur,bajri,1475.0623779296875,1475.0623779296875,1475.0623779296875
87,Pathardi,bajri,1572.6783447265625,1572.6783447265625,1572.6783447265625
88,Pathari,bajri,1396.4005126953125,1396.4005126953125,1396.4005126953125
89,Phaltan,bajri,1763.1143798828125,1763.1143798828125,1763.1143798828125
90,Pusad,bajri,1628.9163818359375,1628.9163818359375,1628.9163818359375
91,Rahata,bajri,1468.4837646484375,1468.4837646484375,1468.4837646484375
92,Rahuri-Vambori,bajri,1624.543212890625,1624.543212890625,1624.543212890625
93,Raver,bajri,1512.9959716796875,1512.9959716796875,1512.9959716796875
94,Sailu,bajri,1445.9998779296875,1445.9998779296875,1445.9998779296875
95,Sakri,bajri,1424.9561767578125,1424.9561767578125,1424.9561767578125
96,Sangali,bajri,1718.2659912109375,1718.2659912109375,1718.2659912109375
97,Sangamner,bajri,1641.2747802734375,1641.2747802734375,1641.2747802734375
98,Satana,bajri,1700.4156494140625,1700.4156494140625,1700.4156494140625
99,Shahada,bajri,1559.267822265625,1559.267822265625,1559.267822265625
100,Shegaon,bajri,1345.71142578125,1345.71142578125,1345.71142578125
101,Shevgaon,bajri,1391.6064453125,1391.6064453125,1391.6064453125
102,Shevgaon-Bodhegaon,bajri,1491.23779296875,1491.23779296875,1491.23779296875
103,Shirpur,bajri,1462.1287841796875,1462.1287841796875,1462.1287841796875
104,Shirur,bajri,1544.4345703125,1544.4345703125,1544.4345703125
105,Shrirampur,bajri,1666.81494140625,1666.81494140625,1666.81494140625
106,Sillod,bajri,1437.26708984375,1437.26708984375,1437.26708984375
107,Sillod-Bharadi,bajri,1426.545654296875,1426.545654296875,1426.545654296875
108,Sinner,bajri,1785.217041015625,1785.217041015625,1785.217041015625
109,Solapur,bajri,1550.6912841796875,1550.6912841796875,1550.6912841796875
110,Sonpeth,bajri,1414.1614990234375,1414.1614990234375,1414.1614990234375
111,Taloda,bajri,1687.37353515625,1687.37353515625,1687.37353515625
112,Umarga,bajri,1371.4658203125,1371.4658203125,1371.4658203125
113,Vaduj,bajri,1714.293212890625,1714.293212890625,1714.293212890625
114,Vaijapur,bajri,1689.156005859375,1689.156005859375,1689.156005859375
115,Yeola,bajri,1584.9617919921875,1584.9617919921875,1584.9617919921875
116,Akluj,banana,987.7092895507812,987.7092895507812,987.7092895507812
117,Anajngaon Surji,banana,854.6891479492188,854.6891479492188,854.6891479492188
118,Chandrapur,banana,1407.892578125,1407.892578125,1407.892578125
119,Indapur,banana,785.0494384765625,785.0494384765625,785.0494384765625
120,Jalgaon,banana,341.1499328613281,341.1499328613281,341.1499328613281
121,Jalna,banana,341.8159484863281,341.8159484863281,341.8159484863281
122,Kalyan,banana,1317.587890625,1317.587890625,1317.587890625
123,Karad,banana,1328.1890869140625,1328.1890869140625,1328.1890869140625
124,Kolhapur,banana,683.2906494140625,683.2906494140625,683.2906494140625
125,Nagpur,banana,525.1273193359375,525.1273193359375,525.1273193359375
126,Pandharpur,banana,838.3854370117188,838.3854370117188,838.3854370117188
127,Solapur,banana,777.6358642578125,777.6358642578125,777.6358642578125
128,Ulhasnagar,banana,417.9881591796875,417.9881591796875,417.9881591796875
129,Yawal,banana,859.3497924804688,859.3497924804688,859.3497924804688
130,Aheri,batbati,4239.73291015625,4239.73291015625,4239.73291015625
131,Sangali,bedana,12521.990234375,12521.990234375,12521.990234375
132,Tasgaon,bedana,7942.39306640625,7942.39306640625,7942.39306640625
133,Amarawati,beet root,2178.26611328125,2178.26611328125,2178.26611328125
134,Amarawati-Fruit And Vegetables,beet root,1846.935302734375,1846.935302734375,1846.935302734375
135,Kamthi,beet root,2345.061767578125,2345.061767578125,2345.061767578125
136,Kolhapur,beet root,1490.7244873046875,1490.7244873046875,1490.7244873046875
137,Manchar,beet root,1353.2095947265625,1353.2095947265625,1353.2095947265625
138,Nagpur,beet root,1500.3387451171875,1500.3387451171875,1500.3387451171875
139,Pune,beet root,997.1544799804688,997.1544799804688,997.1544799804688
140,Pune-Pimpri,beet root,1740.990234375,1740.990234375,1740.990234375
141,Rahata,beet root,1684.9556884765625,1684.9556884765625,1684.9556884765625
142,Mumbai,betelnuts,25097.345703125,25097.345703125,25097.345703125
143,Ahmednagar,bitter gourd,2651.89501953125,2651.89501953125,2651.89501953125
144,Akluj,bitter gourd,2954.251708984375,2954.251708984375,2954.251708984375
145,Amarawati,bitter gourd,3145.233154296875,3145.233154296875,3145.233154296875
146,Amarawati-Fruit And Vegetables,bitter gourd,2936.11767578125,2936.11767578125,2936.11767578125
147,Aurangabad,bitter gourd,1932.6541748046875,1932.6541748046875,1932.6541748046875
148,Chandrapur-Ganjwad,bitter gourd,1399.54541015625,1399.54541015625,1399.54541015625
149,Ghoti,bitter gourd,1365.925537109375,1365.925537109375,1365.925537109375
150,Jalgaon,bitter gourd,3405.238525390625,3405.238525390625,3405.238525390625
151,Kalyan,bitter gourd,2728.594970703125,2728.594970703125,2728.594970703125
152,Kamthi,bitter gourd,2575.75146484375,2575.75146484375,2575.75146484375
153,Karad,bitter gourd,3438.31884765625,3438.31884765625,3438.31884765625
154,Khed-Chakan,bitter gourd,2488.9833984375,2488.9833984375,2488.9833984375
155,Kolhapur,bitter gourd,2355.820068359375,2355.820068359375,2355.820068359375
156,Mangalwedha,bitter gourd,3175.63427734375,3175.63427734375,3175.63427734375
157,Mumbai,bitter gourd,1576.9102783203125,1576.9102783203125,1576.9102783203125
158,Murbad,bitter gourd,3431.650634765625,3431.650634765625,3431.650634765625
159,Nagpur,bitter gourd,2037.8614501953125,2037.8614501953125,2037.8614501953125
160,Nashik,bitter gourd,2918.159912109375,2918.159912109375,2918.159912109375
161,Osmanabad,bitter gourd,2178.9716796875,2178.9716796875,2178.9716796875
162,Palus,bitter gourd,3140.06103515625,3140.06103515625,3140.06103515625
163,Panvel,bitter gourd,2521.615966796875,2521.615966796875,2521.615966796875
164,Patan,bitter gourd,2739.54248046875,2739.54248046875,2739.54248046875
165,Pune,bitter gourd,3217.96630859375,3217.96630859375,3217.96630859375
166,Pune-Manjri,bitter gourd,3338.4560546875,3338.4560546875,3338.4560546875
167,Pune-Pimpri,bitter gourd,3509.40673828125,3509.40673828125,3509.40673828125
168,Rahata,bitter gourd,2750.279052734375,2750.279052734375,2750.279052734375
169,Ramtek,bitter gourd,2337.199462890625,2337.199462890625,2337.199462890625
170,Ratanagari,bitter gourd,2635.652099609375,2635.652099609375,2635.652099609375
171,Satara,bitter gourd,3113.8603515625,3113.8603515625,3113.8603515625
172,Shahapur,bitter gourd,3372.269775390625,3372.269775390625,3372.269775390625
173,Shrirampur,bitter gourd,1760.9979248046875,1760.9979248046875,1760.9979248046875
174,Solapur,bitter gourd,3010.2236328125,3010.2236328125,3010.2236328125
175,Vadgaon Peth,bitter gourd,2164.904296875,2164.904296875,2164.904296875
176,Achalpur,black gram,7788.53564453125,7788.53564453125,7788.53564453125
177,Ahmednagar,black gram,7544.24072265625,7544.24072265625,7544.24072265625
178,Ahmedpur,black gram,6308.2783203125,6308.2783203125,6308.2783203125
179,Akkolkot,black gram,6480.388671875,6480.388671875,6480.388671875
180,Akola,black gram,9288.634765625,9288.634765625,9288.634765625
181,Akot,black gram,7464.80615234375,7464.80615234375,7464.80615234375
182,Amalner,black gram,10891.8388671875,10891.8388671875,10891.8388671875
183,Amarawati,black gram,6885.8701171875,6885.8701171875,6885.8701171875
184,Ambejogai,black gram,7239.88720703125,7239.88720703125,7239.88720703125
185,Anajngaon Surji,black gram,6041.95703125,6041.95703125,6041.95703125
186,Ausa,black gram,7408.1240234375,7408.1240234375,7408.1240234375
187,Balapur,black gram,7820.3544921875,7820.3544921875,7820.3544921875
188,Barshi,black gram,7160.939453125,7160.939453125,7160.939453125
189,Barshi-Vairag,black gram,7752.16455078125,7752.16455078125,7752.16455078125
190,Beed,black gram,7114.63037109375,7114.63037109375,7114.63037109375
191,Bhokar,black gram,7408.74853515625,7408.74853515625,7408.74853515625
192,Bhusaval,black gram,7038.7353515625,7038.7353515625,7038.7353515625
193,Buldhana,black gram,6487.8857421875,6487.8857421875,6487.8857421875
194,Chalisgaon,black gram,6811.27587890625,6811.27587890625,6811.27587890625
195,Chikhali,black gram,6475.466796875,6475.466796875,6475.466796875
196,Chopda,black gram,7747.556640625,7747.556640625,7747.556640625
197,Daryapur,black gram,7051.0263671875,7051.0263671875,7051.0263671875
198,Devala,black gram,8554.3974609375,8554.3974609375,8554.3974609375
199,Dhule,black gram,7195.75634765625,7195.75634765625,7195.75634765625
200,Digras,black gram,7628.88232421875,7628.88232421875,7628.88232421875
201,Dudhani,black gram,7770.9453125,7770.9453125,7770.9453125
202,Hingoli,black gram,8277.3603515625,8277.3603515625,8277.3603515625
203,Indapur,black gram,8145.54296875,8145.54296875,8145.54296875
204,Indapur-Bhigwan,black gram,7521.20068359375,7521.20068359375,7521.20068359375
205,Jalgaon,black gram,9177.6748046875,9177.6748046875,9177.6748046875
206,Jalgaon Jamod-Aasalgaon,black gram,7679.9794921875,7679.9794921875,7679.9794921875
207,Jalna,black gram,6254.97705078125,6254.97705078125,6254.97705078125
208,Jamkhed,black gram,8156.83251953125,8156.83251953125,8156.83251953125
209,Jintur,black gram,6481.45263671875,6481.45263671875,6481.45263671875
210,Kada,black gram,8297.6220703125,8297.6220703125,8297.6220703125
211,Kalamb (Os),black gram,7331.44091796875,7331.44091796875,7331.44091796875
212,Karanja,black gram,7094.0712890625,7094.0712890625,7094.0712890625
213,Kej,black gram,7293.64990234375,7293.64990234375,7293.64990234375
214,Khamgaon,black gram,7141.494140625,7141.494140625,7141.494140625
215,Lasalgaon,black gram,6186.546875,6186.546875,6186.546875
216,Latur,black gram,8835.5361328125,8835.5361328125,8835.5361328125
217,Lonar,black gram,5888.97021484375,5888.97021484375,5888.97021484375
218,Malkapur,black gram,7634.626953125,7634.626953125,7634.626953125
219,Mangrulpeer,black gram,7735.771484375,7735.771484375,7735.771484375
220,Mantha,black gram,6290.33349609375,6290.33349609375,6290.33349609375
221,Mehkar,black gram,7124.646484375,7124.646484375,7124.646484375
222,Murtizapur,black gram,6973.7958984375,6973.7958984375,6973.7958984375
223,Murum,black gram,6767.14501953125,6767.14501953125,6767.14501953125
224,Nandura,black gram,7234.31787109375,7234.31787109375,7234.31787109375
225,Nandurbar,black gram,7108.0517578125,7108.0517578125,7108.0517578125
226,Pune,black gram,8657.0517578125,8657.0517578125,8657.0517578125
227,Pusad,black gram,9613.134765625,9613.134765625,9613.134765625
228,Raver,black gram,7791.15966796875,7791.15966796875,7791.15966796875
229,Sangali,black gram,7745.69970703125,7745.69970703125,7745.69970703125
230,Sengaon,black gram,8030.9951171875,8030.9951171875,8030.9951171875
231,Shahada,black gram,6449.37158203125,6449.37158203125,6449.37158203125
232,Shegaon,black gram,5844.90283203125,5844.90283203125,5844.90283203125
233,Shirpur,black gram,7879.1474609375,7879.1474609375,7879.1474609375
234,Sinner,black gram,7890.6494140625,7890.6494140625,7890.6494140625
235,Solapur,black gram,7205.64013671875,7205.64013671875,7205.64013671875
236,Telhara,black gram,7608.2724609375,7608.2724609375,7608.2724609375
237,Tuljapur,black gram,7494.74072265625,7494.74072265625,7494.74072265625
238,Tumsar,black gram,8373.2158203125,8373.2158203125,8373.2158203125
239,Udgir,black gram,6805.12451171875,6805.12451171875,6805.12451171875
240,Umarga,black gram,8228.9052734375,8228.9052734375,8228.9052734375
241,Washim,black gram,7517.24169921875,7517.24169921875,7517.24169921875
242,Yeotmal,black gram,8745.4013671875,8745.4013671875,8745.4013671875
243,Akluj,bor,1530.05126953125,1530.05126953125,1530.05126953125
244,Aurangabad,bor,1469.683349609375,1469.683349609375,1469.683349609375
245,Rahata,bor,1795.3892822265625,1795.3892822265625,1795.3892822265625
246,Solapur,bor,1034.33447265625,1034.33447265625,1034.33447265625
247,Ahmednagar,bottle gourd,895.8244018554688,895.8244018554688,895.8244018554688
248,Aurangabad,bottle gourd,756.175537109375,756.175537109375,756.175537109375
249,Kalmeshwar,bottle gourd,803.4862060546875,803.4862060546875,803.4862060546875
250,Kalyan,bottle gourd,1243.031494140625,1243.031494140625,1243.031494140625
251,Kamthi,bottle gourd,903.412109375,903.412109375,903.412109375
252,Karad,bottle gourd,1145.460205078125,1145.460205078125,1145.460205078125
253,Khed (Shel Pimpalgaon),bottle gourd,699.1937866210938,699.1937866210938,699.1937866210938
254,Khed-Chakan,bottle gourd,1048.8228759765625,1048.8228759765625,1048.8228759765625
255,Kolhapur,bottle gourd,1067.2957763671875,1067.2957763671875,1067.2957763671875
256,Manchar,bottle gourd,963.4457397460938,963.4457397460938,963.4457397460938
257,Mumbai,bottle gourd,1070.7882080078125,1070.7882080078125,1070.7882080078125
258,Murbad,bottle gourd,1309.2484130859375,1309.2484130859375,1309.2484130859375
259,Nagpur,bottle gourd,782.77392578125,782.77392578125,782.77392578125
260,Nashik,bottle gourd,1311.7591552734375,1311.7591552734375,1311.7591552734375
261,Panvel,bottle gourd,1396.97021484375,1396.97021484375,1396.97021484375
262,Pune,bottle gourd,937.3640747070312,937.3640747070312,937.3640747070312
263,Pune-Manjri,bottle gourd,1103.83740234375,1103.83740234375,1103.83740234375
264,Pune-Pimpri,bottle gourd,1365.360595703125,1365.360595703125,1365.360595703125
265,Rahata,bottle gourd,1110.9610595703125,1110.9610595703125,1110.9610595703125
266,Ratanagari,bottle gourd,1209.3797607421875,1209.3797607421875,1209.3797607421875
267,Satara,bottle gourd,786.4398193359375,786.4398193359375,786.4398193359375
268,Shrirampur,bottle gourd,767.4242553710938,767.4242553710938,767.4242553710938
269,Vadgaon Peth,bottle gourd,948.9172973632812,948.9172973632812,948.9172973632812
270,Vai,bottle gourd,1462.1011962890625,1462.1011962890625,1462.1011962890625
271,Ahmednagar,brinjal,1794.0302734375,1794.0302734375,1794.0302734375
272,Akluj,brinjal,2086.71923828125,2086.71923828125,2086.71923828125
273,Amarawati,brinjal,1281.5504150390625,1281.5504150390625,1281.5504150390625
274,Amarawati-Fruit And Vegetables,brinjal,1603.791259765625,1603.791259765625,1603.791259765625
275,Aurangabad,brinjal,1146.548583984375,1146.548583984375,1146.548583984375
276,Chandrapur-Ganjwad,brinjal,592.7703247070312,592.7703247070312,592.7703247070312
277,Ghoti,brinjal,1686.629638671875,1686.629638671875,1686.629638671875
278,Jalgaon,brinjal,1516.4552001953125,1516.4552001953125,1516.4552001953125
279,Kalmeshwar,brinjal,1434.550537109375,1434.550537109375,1434.550537109375
280,Kalyan,brinjal,1970.7811279296875,1970.7811279296875,1970.7811279296875
281,Kamthi,brinjal,1553.82080078125,1553.82080078125,1553.82080078125
282,Karad,brinjal,1755.0208740234375,1755.0208740234375,1755.0208740234375
283,Khed (Shel Pimpalgaon),brinjal,1904.8397216796875,1904.8397216796875,1904.8397216796875
284,Khed-Chakan,brinjal,1994.4720458984375,1994.4720458984375,1994.4720458984375
285,Kolhapur,brinjal,1585.1605224609375,1585.1605224609375,1585.1605224609375
286,Manchar,brinjal,1609.4495849609375,1609.4495849609375,1609.4495849609375
287,Mangalwedha,brinjal,1899.7259521484375,1899.7259521484375,1899.7259521484375
288,Mumbai,brinjal,1168.1805419921875,1168.1805419921875,1168.1805419921875
289,Murbad,brinjal,1464.342529296875,1464.342529296875,1464.342529296875
290,Nagpur,brinjal,1560.96337890625,1560.96337890625,1560.96337890625
291,Nashik,brinjal,1313.2198486328125,1313.2198486328125,1313.2198486328125
292,Navapur,brinjal,1373.0208740234375,1373.0208740234375,1373.0208740234375
293,Osmanabad,brinjal,1706.7244873046875,1706.7244873046875,1706.7244873046875
294,Pandharpur,brinjal,1666.549072265625,1666.549072265625,1666.549072265625
295,Panvel,brinjal,2495.23681640625,2495.23681640625,2495.23681640625
296,Patan,brinjal,2072.84375,2072.84375,2072.84375
297,Pune,brinjal,1934.147216796875,1934.147216796875,1934.147216796875
298,Pune-Manjri,brinjal,1966.3348388671875,1966.3348388671875,1966.3348388671875
299,Pune-Pimpri,brinjal,2240.62939453125,2240.62939453125,2240.62939453125
300,Rahata,brinjal,1152.4189453125,1152.4189453125,1152.4189453125
301,Ramtek,brinjal,1659.599609375,1659.599609375,1659.599609375
302,Ratanagari,brinjal,2120.20654296875,2120.20654296875,2120.20654296875
303,Satara,brinjal,2063.6787109375,2063.6787109375,2063.6787109375
304,Shahapur,brinjal,2460.142333984375,2460.142333984375,2460.142333984375
305,Shrirampur,brinjal,1523.422119140625,1523.422119140625,1523.422119140625
306,Solapur,brinjal,1703.262939453125,1703.262939453125,1703.262939453125
307,Vadgaon Peth,brinjal,2538.434814453125,2538.434814453125,2538.434814453125
308,Vai,brinjal,2398.413330078125,2398.413330078125,2398.413330078125
309,Ahmednagar,cabbage,1361.98876953125,1361.98876953125,1361.98876953125
310,Akluj,cabbage,872.5311279296875,872.5311279296875,872.5311279296875
311,Amarawati,cabbage,949.6433715820312,949.6433715820312,949.6433715820312
312,Aurangabad,cabbage,804.3206787109375,804.3206787109375,804.3206787109375
313,Chandrapur-Ganjwad,cabbage,939.1829223632812,939.1829223632812,939.1829223632812
314,Ghoti,cabbage,1163.4356689453125,1163.4356689453125,1163.4356689453125
315,Jalgaon,cabbage,1033.77490234375,1033.77490234375,1033.77490234375
316,Kalyan,cabbage,1123.389892578125,1123.389892578125,1123.389892578125
317,Kamthi,cabbage,924.0568237304688,924.0568237304688,924.0568237304688
318,Karad,cabbage,621.0905151367188,621.0905151367188,621.0905151367188
319,Khed (Shel Pimpalgaon),cabbage,929.055908203125,929.055908203125,929.055908203125
320,Khed-Chakan,cabbage,1775.1097412109375,1775.1097412109375,1775.1097412109375
321,Kolhapur,cabbage,1086.509521484375,1086.509521484375,1086.509521484375
322,Manchar,cabbage,1262.2647705078125,1262.2647705078125,1262.2647705078125
323,Mumbai,cabbage,1025.4981689453125,1025.4981689453125,1025.4981689453125
324,Nagpur,cabbage,766.330078125,766.330078125,766.330078125
325,Nashik,cabbage,832.2998046875,832.2998046875,832.2998046875
326,Osmanabad,cabbage,847.3145141601562,847.3145141601562,847.3145141601562
327,Pandharpur,cabbage,1389.495849609375,1389.495849609375,1389.495849609375
328,Panvel,cabbage,1148.0521240234375,1148.0521240234375,1148.0521240234375
329,Patan,cabbage,606.49365234375,606.49365234375,606.49365234375
330,Pune,cabbage,1078.591064453125,1078.591064453125,1078.591064453125
331,Pune-Manjri,cabbage,626.3628540039062,626.3628540039062,626.3628540039062
332,Pune-Pimpri,cabbage,947.2724609375,947.2724609375,947.2724609375
333,Rahata,cabbage,1329.736328125,1329.736328125,1329.736328125
334,Ramtek,cabbage,1051.43994140625,1051.43994140625,1051.43994140625
335,Ratanagari,cabbage,972.4420166015625,972.4420166015625,972.4420166015625
336,Satara,cabbage,667.8455200195312,667.8455200195312,667.8455200195312
337,Shrirampur,cabbage,607.0411987304688,607.0411987304688,607.0411987304688
338,Solapur,cabbage,1092.1417236328125,1092.1417236328125,1092.1417236328125
339,Vadgaon Peth,cabbage,1084.2130126953125,1084.2130126953125,1084.2130126953125
340,Vai,cabbage,781.3836669921875,781.3836669921875,781.3836669921875
341,Ahmednagar,capsicum,2943.125244140625,2943.125244140625,2943.125244140625
342,Aurangabad,capsicum,1852.9744873046875,1852.9744873046875,1852.9744873046875
343,Chandrapur-Ganjwad,capsicum,2225.36376953125,2225.36376953125,2225.36376953125
344,Kalyan,capsicum,2363.881591796875,2363.881591796875,2363.881591796875
345,Kamthi,capsicum,2684.3408203125,2684.3408203125,2684.3408203125
346,Karad,capsicum,2521.956298828125,2521.956298828125,2521.956298828125
347,Khed-Chakan,capsicum,2256.87255859375,2256.87255859375,2256.87255859375
348,Kolhapur,capsicum,1872.0284423828125,1872.0284423828125,1872.0284423828125
349,Manchar,capsicum,2754.00634765625,2754.00634765625,2754.00634765625
350,Mumbai,capsicum,2787.8759765625,2787.8759765625,2787.8759765625
351,Murbad,capsicum,2799.7919921875,2799.7919921875,2799.7919921875
352,Nagpur,capsicum,2344.078369140625,2344.078369140625,2344.078369140625
353,Nashik,capsicum,2872.48681640625,2872.48681640625,2872.48681640625
354,Osmanabad,capsicum,2004.4949951171875,2004.4949951171875,2004.4949951171875
355,Pandharpur,capsicum,2307.07666015625,2307.07666015625,2307.07666015625
356,Pune,capsicum,2176.22509765625,2176.22509765625,2176.22509765625
357,Pune-Pimpri,capsicum,2574.74462890625,2574.74462890625,2574.74462890625
358,Rahata,capsicum,2042.48486328125,2042.48486328125,2042.48486328125
359,Ramtek,capsicum,2692.57763671875,2692.57763671875,2692.57763671875
360,Ratanagari,capsicum,2923.048583984375,2923.048583984375,2923.048583984375
361,Satara,capsicum,2409.530029296875,2409.530029296875,2409.530029296875
362,Shahapur,capsicum,2063.995361328125,2063.995361328125,2063.995361328125
363,Shrirampur,capsicum,1427.138427734375,1427.138427734375,1427.138427734375
364,Solapur,capsicum,1821.2838134765625,1821.2838134765625,1821.2838134765625
365,Vadgaon Peth,capsicum,1989.7445068359375,1989.7445068359375,1989.7445068359375
366,Mumbai,cardamom,98545.8515625,98545.8515625,98545.8515625
367,Ahmednagar,carrot,1834.612548828125,1834.612548828125,1834.612548828125
368,Akluj,carrot,1744.0821533203125,1744.0821533203125,1744.0821533203125
369,Amarawati,carrot,2386.88720703125,2386.88720703125,2386.88720703125
370,Aurangabad,carrot,1156.8504638671875,1156.8504638671875,1156.8504638671875
371,Chandrapur-Ganjwad,carrot,1139.834228515625,1139.834228515625,1139.834228515625
372,Jalgaon,carrot,962.2365112304688,962.2365112304688,962.2365112304688
373,Kalyan,carrot,1997.1090087890625,1997.1090087890625,1997.1090087890625
374,Kamthi,carrot,2180.195556640625,2180.195556640625,2180.195556640625
375,Karad,carrot,1449.401611328125,1449.401611328125,1449.401611328125
376,Khed-Chakan,carrot,1735.1427001953125,1735.1427001953125,1735.1427001953125
377,Kolhapur,carrot,1413.37060546875,1413.37060546875,1413.37060546875
378,Manchar,carrot,1276.2529296875,1276.2529296875,1276.2529296875
379,Mumbai,carrot,1335.949951171875,1335.949951171875,1335.949951171875
380,Nagpur,carrot,1540.7017822265625,1540.7017822265625,1540.7017822265625
381,Nashik,carrot,1598.332763671875,1598.332763671875,1598.332763671875
382,Osmanabad,carrot,1736.177734375,1736.177734375,1736.177734375
383,Pune,carrot,1921.891357421875,1921.891357421875,1921.891357421875
384,Pune-Pimpri,carrot,1457.995361328125,1457.995361328125,1457.995361328125
385,Rahata,carrot,1825.8345947265625,1825.8345947265625,1825.8345947265625
386,Ratanagari,carrot,2124.100830078125,2124.100830078125,2124.100830078125
387,Satara,carrot,1719.9462890625,1719.9462890625,1719.9462890625
388,Solapur,carrot,1485.9754638671875,1485.9754638671875,1485.9754638671875
389,Vadgaon Peth,carrot,1112.23388671875,1112.23388671875,1112.23388671875
390,Mumbai,cashewnuts,79965.5859375,79965.5859375,79965.5859375
391,Dhule,castor seed,2898.443359375,2898.443359375,2898.443359375
392,Kalamb (Os),castor seed,2908.127685546875,2908.127685546875,2908.127685546875
393,Malegaon,castor seed,3089.20263671875,3089.20263671875,3089.20263671875
394,Tumsar,castor seed,2846.23388671875,2846.23388671875,2846.23388671875
395,Chandrapur-Ganjwad,chavli (pala),959.2012329101562,959.2012329101562,959.2012329101562
396,Kamthi,chavli (pala),1601.6163330078125,1601.6163330078125,1601.6163330078125
397,Nagpur,chavli (pala),1137.7015380859375,1137.7015380859375,1137.7015380859375
398,Pune-Manjri,chavli (pala),799.1514282226562,799.1514282226562,799.1514282226562
399,Aurangabad,chavli (shenga ),1751.14013671875,1751.14013671875,1751.14013671875
400,Chandrapur-Ganjwad,chavli (shenga ),1878.5606689453125,1878.5606689453125,1878.5606689453125
401,Jalgaon,chavli (shenga ),2360.625,2360.625,2360.625
402,Kalmeshwar,chavli (shenga ),2000.5745849609375,2000.5745849609375,2000.5745849609375
403,Kamthi,chavli (shenga ),1512.1290283203125,1512.1290283203125,1512.1290283203125
404,Khed-Chakan,chavli (shenga ),2035.93505859375,2035.93505859375,2035.93505859375
405,Manchar,chavli (shenga ),2039.1207275390625,2039.1207275390625,2039.1207275390625
406,Nagpur,chavli (shenga ),2279.4716796875,2279.4716796875,2279.4716796875
407,Pune,chavli (shenga ),2357.050048828125,2357.050048828125,2357.050048828125
408,Pune-Manjri,chavli (shenga ),2195.611083984375,2195.611083984375,2195.611083984375
409,Pune-Pimpri,chavli (shenga ),2091.71533203125,2091.71533203125,2091.71533203125
410,Ramtek,chavli (shenga ),1878.9954833984375,1878.9954833984375,1878.9954833984375
411,Shahapur,chavli (shenga ),2557.9248046875,2557.9248046875,2557.9248046875
412,Akluj,chikoo,2693.201171875,2693.201171875,2693.201171875
413,Amarawati,chikoo,1917.3232421875,1917.3232421875,1917.3232421875
414,Amarawati-Fruit And Vegetables,chikoo,1862.9287109375,1862.9287109375,1862.9287109375
415,Aurangabad,chikoo,1947.86669921875,1947.86669921875,1947.86669921875
416,Chandrapur,chikoo,2271.208984375,2271.208984375,2271.208984375
417,Kalyan,chikoo,1923.3851318359375,1923.3851318359375,1923.3851318359375
418,Karad,chikoo,2272.07861328125,2272.07861328125,2272.07861328125
419,Kolhapur,chikoo,1854.7918701171875,1854.7918701171875,1854.7918701171875
420,Mumbai,chikoo,1422.4351806640625,1422.4351806640625,1422.4351806640625
421,Nagpur,chikoo,2506.58203125,2506.58203125,2506.58203125
422,Osmanabad,chikoo,1693.4825439453125,1693.4825439453125,1693.4825439453125
423,Sangli-Phale Bhajipalam,chikoo,2067.48779296875,2067.48779296875,2067.48779296875
424,Shrirampur,chikoo,1567.9820556640625,1567.9820556640625,1567.9820556640625
425,Solapur,chikoo,1397.5185546875,1397.5185546875,1397.5185546875
426,Akluj,chillies(red),7201.08447265625,7201.08447265625,7201.08447265625
427,Amarawati,chillies(red),10225.728515625,10225.728515625,10225.728515625
428,Anajngaon Surji,chillies(red),8675.126953125,8675.126953125,8675.126953125
429,Armori-Desaiganj,chillies(red),13362.4208984375,13362.4208984375,13362.4208984375
430,Bhiwapur,chillies(red),7230.73046875,7230.73046875,7230.73046875
431,Dhule,chillies(red),7316.5703125,7316.5703125,7316.5703125
432,Dondaicha,chillies(red),3549.3642578125,3549.3642578125,3549.3642578125
433,Gadhinglaj,chillies(red),11575.7119140625,11575.7119140625,11575.7119140625
434,Indapur-Bhigwan,chillies(red),8869.5029296875,8869.5029296875,8869.5029296875
435,Khamgaon,chillies(red),7843.69091796875,7843.69091796875,7843.69091796875
436,Malkapur,chillies(red),8005.96533203125,8005.96533203125,8005.96533203125
437,Mandhal,chillies(red),6503.09619140625,6503.09619140625,6503.09619140625
438,Mumbai,chillies(red),13339.240234375,13339.240234375,13339.240234375
439,Nagpur,chillies(red),10819.078125,10819.078125,10819.078125
440,Nandurbar,chillies(red),8185.41064453125,8185.41064453125,8185.41064453125
441,Pune,chillies(red),15420.556640625,15420.556640625,15420.556640625
442,Ramtek,chillies(red),10671.7353515625,10671.7353515625,10671.7353515625
443,Sangali,chillies(red),14311.5703125,14311.5703125,14311.5703125
444,Shirpur,chillies(red),5826.8359375,5826.8359375,5826.8359375
445,Solapur,chillies(red),10885.8359375,10885.8359375,10885.8359375
446,Umared,chillies(red),10322.6474609375,10322.6474609375,10322.6474609375
447,Nandgaon Khandeshwar,chino,4169.68798828125,4169.68798828125,4169.68798828125
448,Ahmednagar,cluster bean,3829.18115234375,3829.18115234375,3829.18115234375
449,Amarawati,cluster bean,3745.780029296875,3745.780029296875,3745.780029296875
450,Aurangabad,cluster bean,2547.52880859375,2547.52880859375,2547.52880859375
451,Jalgaon,cluster bean,3793.8779296875,3793.8779296875,3793.8779296875
452,Kalmeshwar,cluster bean,1932.4031982421875,1932.4031982421875,1932.4031982421875
453,Kalyan,cluster bean,3649.82080078125,3649.82080078125,3649.82080078125
454,Kamthi,cluster bean,1876.9227294921875,1876.9227294921875,1876.9227294921875
455,Karad,cluster bean,3058.048583984375,3058.048583984375,3058.048583984375
456,Khed (Shel Pimpalgaon),cluster bean,2841.6767578125,2841.6767578125,2841.6767578125
457,Khed-Chakan,cluster bean,3152.443115234375,3152.443115234375,3152.443115234375
458,Kolhapur,cluster bean,2873.27978515625,2873.27978515625,2873.27978515625
459,Manchar,cluster bean,3408.848388671875,3408.848388671875,3408.848388671875
460,Mumbai,cluster bean,2785.14501953125,2785.14501953125,2785.14501953125
461,Nagpur,cluster bean,1700.826904296875,1700.826904296875,1700.826904296875
462,Nandurbar,cluster bean,3460.20947265625,3460.20947265625,3460.20947265625
463,Nashik,cluster bean,4776.93798828125,4776.93798828125,4776.93798828125
464,Osmanabad,cluster bean,2716.611328125,2716.611328125,2716.611328125
465,Patan,cluster bean,2876.767822265625,2876.767822265625,2876.767822265625
466,Pune,cluster bean,3549.15087890625,3549.15087890625,3549.15087890625
467,Pune-Manjri,cluster bean,4515.8544921875,4515.8544921875,4515.8544921875
468,Pune-Pimpri,cluster bean,3843.749755859375,3843.749755859375,3843.749755859375
469,Rahata,cluster bean,2916.605224609375,2916.605224609375,2916.605224609375
470,Ramtek,cluster bean,1878.4366455078125,1878.4366455078125,1878.4366455078125
471,Ratanagari,cluster bean,2645.486328125,2645.486328125,2645.486328125
472,Satara,cluster bean,3127.63818359375,3127.63818359375,3127.63818359375
473,Shahapur,cluster bean,4255.42431640625,4255.42431640625,4255.42431640625
474,Shrirampur,cluster bean,3296.05078125,3296.05078125,3296.05078125
475,Solapur,cluster bean,2771.74267578125,2771.74267578125,2771.74267578125
476,Vadgaon Peth,cluster bean,3212.27880859375,3212.27880859375,3212.27880859375
477,Mumbai,coconut,1210.31298828125,1210.31298828125,1210.31298828125
478,Amarawati,coriander  ,2441.765625,2441.765625,2441.765625
479,Aurangabad,coriander  ,305.9878234863281,305.9878234863281,305.9878234863281
480,Barshi,coriander  ,927.98291015625,927.98291015625,927.98291015625
481,Chandrapur-Ganjwad,coriander  ,1970.879638671875,1970.879638671875,1970.879638671875
482,Jalgaon,coriander  ,2841.66015625,2841.66015625,2841.66015625
483,Junnar (Narayangaon),coriander  ,2062.03173828125,2062.03173828125,2062.03173828125
484,Kalmeshwar,coriander  ,2287.18017578125,2287.18017578125,2287.18017578125
485,Kamthi,coriander  ,3680.717529296875,3680.717529296875,3680.717529296875
486,Kolhapur,coriander  ,3597.91259765625,3597.91259765625,3597.91259765625
487,Manchar,coriander  ,1393.117919921875,1393.117919921875,1393.117919921875
488,Nagpur,coriander  ,2686.559326171875,2686.559326171875,2686.559326171875
489,Nashik,coriander  ,2955.658203125,2955.658203125,2955.658203125
490,Nashik-Devlali,coriander  ,1518.3294677734375,1518.3294677734375,1518.3294677734375
491,Pandharpur,coriander  ,1509.4012451171875,1509.4012451171875,1509.4012451171875
492,Pune-Manjri,coriander  ,2294.719482421875,2294.719482421875,2294.719482421875
493,Ramtek,coriander  ,2638.955810546875,2638.955810546875,2638.955810546875
494,Ratanagari,coriander  ,374.87469482421875,374.87469482421875,374.87469482421875
495,Vadgaon Peth,coriander  ,8.742193222045898,8.742193222045898,8.742193222045898
496,Amalner,coriander (dry),8497.1328125,8497.1328125,8497.1328125
497,Ausa,coriander (dry),8121.20166015625,8121.20166015625,8121.20166015625
498,Barshi,coriander (dry),6726.642578125,6726.642578125,6726.642578125
499,Indapur-Bhigwan,coriander (dry),8155.95458984375,8155.95458984375,8155.95458984375
500,Jalgaon,coriander (dry),7745.07861328125,7745.07861328125,7745.07861328125
501,Kalamb (Os),coriander (dry),6522.54150390625,6522.54150390625,6522.54150390625
502,Mumbai,coriander (dry),11103.3642578125,11103.3642578125,11103.3642578125
503,Nagpur,coriander (dry),7263.68798828125,7263.68798828125,7263.68798828125
504,Pune,coriander (dry),11915.259765625,11915.259765625,11915.259765625
505,Sangali,coriander (dry),8283.9921875,8283.9921875,8283.9921875
506,Umared,coriander (dry),6632.64404296875,6632.64404296875,6632.64404296875
507,Aheri,cotton,4280.4541015625,4280.4541015625,4280.4541015625
508,Akhadabalapur,cotton,4759.70703125,4759.70703125,4759.70703125
509,Arvi,cotton,4524.86376953125,4524.86376953125,4524.86376953125
510,Bhiwapur,cotton,4644.5400390625,4644.5400390625,4644.5400390625
511,Bhokar,cotton,4491.70556640625,4491.70556640625,4491.70556640625
512,Chimur,cotton,4617.4423828125,4617.4423828125,4617.4423828125
513,Deulgaon Raja,cotton,4565.6337890625,4565.6337890625,4565.6337890625
514,Dhamangaon-Rly,cotton,4673.5546875,4673.5546875,4673.5546875
515,Digras,cotton,4417.59228515625,4417.59228515625,4417.59228515625
516,Gevrai,cotton,4396.25341796875,4396.25341796875,4396.25341796875
517,Ghansawangi,cotton,4404.8642578125,4404.8642578125,4404.8642578125
518,Ghatanji,cotton,4676.13037109375,4676.13037109375,4676.13037109375
519,Jafrabad,cotton,4608.82568359375,4608.82568359375,4608.82568359375
520,Jamner,cotton,4435.82373046875,4435.82373046875,4435.82373046875
521,Jamner-Neri,cotton,4279.2353515625,4279.2353515625,4279.2353515625
522,Jintur,cotton,4487.36669921875,4487.36669921875,4487.36669921875
523,Kalamnuri,cotton,4198.611328125,4198.611328125,4198.611328125
524,Kalmeshwar,cotton,4591.48291015625,4591.48291015625,4591.48291015625
525,Katol,cotton,4536.2392578125,4536.2392578125,4536.2392578125
526,Khamgaon,cotton,4552.3759765625,4552.3759765625,4552.3759765625
527,Kille Dharur,cotton,4738.1923828125,4738.1923828125,4738.1923828125
528,Kinwat,cotton,4161.05224609375,4161.05224609375,4161.05224609375
529,Mahagaon,cotton,4447.1669921875,4447.1669921875,4447.1669921875
530,Majalgaon,cotton,4564.052734375,4564.052734375,4564.052734375
531,Parbhani,cotton,4439.390625,4439.390625,4439.390625
532,Pathardi,cotton,4433.89306640625,4433.89306640625,4433.89306640625
